"ID","Team","Title","Description","Status","Estimate","Priority","Project ID","Project","Creator","Assignee","Labels","Cycle Number","Cycle Name","Cycle Start","Cycle End","Created","Updated","Started","Triaged","Completed","Canceled","Archived","Due Date","Parent issue","Initiatives","Project Milestone ID","Project Milestone","SLA Status","Roadmaps"
"COR-42","Coral","今週の記事を作成する","コンテンツ
JFケネディに関する文書について
OpenAI の音声合成
中国のAIagent
...","Review",,"No priority","fe53a805-fb9c-4ae6-802d-1954fc3b86b4","ALLProject","coralnetwork.contact@gmail.com","coralnetwork.contact@gmail.com","Migrated",,,,,"Mon Mar 24 2025 10:08:48 GMT+0000 (GMT)","Fri Aug 08 2025 16:13:29 GMT+0000 (GMT)",,,,,,,,"",,,
"COR-5","Coral","高校生向けマーケティング資料作成","打ち合わせ

資料作成

ピーテックスでページ作成（チケットを非別で作成可能)

キュリーで掲載
[https://qulii.jp/event/52580/](https://qulii.jp/event/52580/)","Backlog",,"No priority",,,"coralnetwork.contact@gmail.com",,"Migrated",,,,,"Mon Mar 24 2025 10:11:56 GMT+0000 (GMT)","Mon Mar 24 2025 10:11:56 GMT+0000 (GMT)",,,,,,,,"",,,
"COR-6","Coral","AItuverハッカソン設定",,"Todo",,"No priority","fe53a805-fb9c-4ae6-802d-1954fc3b86b4","ALLProject","coralnetwork.contact@gmail.com","coralnetwork.contact@gmail.com","Migrated",,,,,"Mon Mar 24 2025 10:13:02 GMT+0000 (GMT)","Thu Aug 07 2025 12:10:29 GMT+0000 (GMT)",,,,,,,,"",,,
"COR-7","Coral","法人パートナーの資料請求の書類を作成する",,"In Progress",,"No priority","fe53a805-fb9c-4ae6-802d-1954fc3b86b4","ALLProject","coralnetwork.contact@gmail.com","coralnetwork.contact@gmail.com","Migrated",,,,,"Wed Mar 26 2025 15:41:28 GMT+0000 (GMT)","Thu Aug 07 2025 12:10:29 GMT+0000 (GMT)",,,,,,,,"",,,
"COR-8","Coral","官民連携提案制度 提案してみる","[https://docs.google.com/document/d/1yWipB4H7Qbos0wpU8kmUpHtZW3AftUpA2guDHKWMXLo/edit?tab=t.0#heading=h.oai4opv9jj2y](https://docs.google.com/document/d/1yWipB4H7Qbos0wpU8kmUpHtZW3AftUpA2guDHKWMXLo/edit?tab=t.0#heading=h.oai4opv9jj2y)","Todo",,"No priority","fe53a805-fb9c-4ae6-802d-1954fc3b86b4","ALLProject","coralnetwork.contact@gmail.com","coralnetwork.contact@gmail.com","Migrated",,,,,"Wed Mar 26 2025 15:42:49 GMT+0000 (GMT)","Thu Aug 07 2025 12:10:29 GMT+0000 (GMT)",,,,,,,,"",,,
"COR-9","Coral","月次交流会の日時を設定する",,"In Progress",,"No priority","fe53a805-fb9c-4ae6-802d-1954fc3b86b4","ALLProject","coralnetwork.contact@gmail.com","coralnetwork.contact@gmail.com","Migrated",,,,,"Wed Mar 26 2025 15:43:14 GMT+0000 (GMT)","Thu Aug 07 2025 12:10:29 GMT+0000 (GMT)",,,,,,,,"",,,
"COR-10","Coral","パートナーシップ計画策定","# パートナーシップ計画策定タスク

## 目的

効果的なパートナーシップを構築するための計画を立案する

## タスク

1. パートナー候補のリストアップ
   - [ ] 潜在的パートナーの調査
   - [ ] 候補団体のプロファイル作成
   - [ ] 優先順位付け
2. 連携内容の企画
   - [ ] 具体的な協力内容の検討
   - [ ] Win-Winとなる提案の作成
   - [ ] リソース共有の可能性検討
3. アプローチ計画
   - [ ] コンタクト方法の決定
   - [ ] プレゼン資料の作成
   - [ ] タイムラインの設定

## 期限

Week 2（3日以内）

## 成果物

* パートナー候補リスト
* 連携提案書
* アプローチ計画書

## 注意点

* 双方にとってメリットのある提案
* 実現可能性の高い計画
* 長期的な関係構築を意識","Review",,"No priority","fe53a805-fb9c-4ae6-802d-1954fc3b86b4","ALLProject","coralnetwork.contact@gmail.com","coralnetwork.contact@gmail.com","Migrated",,,,,"Wed Mar 26 2025 16:55:32 GMT+0000 (GMT)","Fri Aug 08 2025 16:13:29 GMT+0000 (GMT)",,,,,,,,"",,,
"COR-11","Coral","ウェブサイトのモバイル最適化",,"In Progress",,"No priority","fe53a805-fb9c-4ae6-802d-1954fc3b86b4","ALLProject","coralnetwork.contact@gmail.com","coralnetwork.contact@gmail.com","Migrated",,,,,"Wed Mar 26 2025 16:56:42 GMT+0000 (GMT)","Thu Aug 07 2025 12:10:30 GMT+0000 (GMT)",,,,,,,,"",,,
"COR-12","Coral","正式ロゴ作成",,"Review",,"No priority","fe53a805-fb9c-4ae6-802d-1954fc3b86b4","ALLProject","coralnetwork.contact@gmail.com","coralnetwork.contact@gmail.com","Migrated",,,,,"Wed Mar 26 2025 16:58:47 GMT+0000 (GMT)","Fri Aug 08 2025 16:13:29 GMT+0000 (GMT)",,,,,,,,"",,,
"COR-13","Coral","サイト作成","# 残りの機能実装とサイト完成タスク

## 目的

ウェブサイトの残りの機能を実装し、本番環境にデプロイする

## タスク

1. お問い合わせフォーム実装
   - [X] フォームコンポーネントの作成
   - [ ] バリデーション実装
   - [ ] メール送信機能の実装
   - [ ] 完了画面の作成
2. 活動報告ブログ機能
   - [ ] ブログ一覧ページ
   - [ ] 記事詳細ページ
   - [X] カテゴリー/タグ機能
   - [ ] 検索機能
3. 寄付システム（仮実装）
   - [X] 寄付フォームのUI作成
   - [ ] 決済システム連携の準備
   - [ ] 寄付完了フロー
   - [ ] テスト環境での動作確認
4. パフォーマンス最適化
   - [ ] 画像の最適化
   - [ ] コードの最適化
   - [ ] レスポンシブ対応の完了
   - [ ] Lighthouse スコアの改善
5. 最終デプロイ
   - [X] 本番環境の準備
   - [X] Vercelへのデプロイ
   - [ ] ドメイン設定
   - [ ] SSL証明書の設定

## 期限

Week 2（4日以内）

## 成果物

* 完全に機能するウェブサイト
* デプロイ済みの本番環境
* パフォーマンステスト結果

## 注意点

* セキュリティ対策の徹底
* クロスブラウザ対応
* アクセシビリティガイドラインの遵守","In Progress",,"No priority","fe53a805-fb9c-4ae6-802d-1954fc3b86b4","ALLProject","coralnetwork.contact@gmail.com","coralnetwork.contact@gmail.com","Migrated",,,,,"Wed Mar 26 2025 16:59:47 GMT+0000 (GMT)","Thu Aug 07 2025 12:10:30 GMT+0000 (GMT)",,,,,,,,"",,,
"COR-14","Coral","名刺作成",,"In Progress",,"No priority","fe53a805-fb9c-4ae6-802d-1954fc3b86b4","ALLProject","coralnetwork.contact@gmail.com","coralnetwork.contact@gmail.com","Migrated",,,,,"Wed Mar 26 2025 17:00:28 GMT+0000 (GMT)","Thu Aug 07 2025 12:10:29 GMT+0000 (GMT)","Wed Jul 30 2025 18:06:23 GMT+0000 (GMT)",,,,,,,"",,,
"COR-15","Coral","バックエンド実装",,"Backlog",,"No priority","fe53a805-fb9c-4ae6-802d-1954fc3b86b4","ALLProject","coralnetwork.contact@gmail.com","coralnetwork.contact@gmail.com","Migrated",,,,,"Wed Mar 26 2025 17:16:20 GMT+0000 (GMT)","Fri Aug 08 2025 16:13:29 GMT+0000 (GMT)",,,,,,,,"",,,
"COR-16","Coral","助成金資料は現在作成中であり、NPO支援団体へ提出する書類について役割分担をお願いしたいという依頼が出ています。","## カテゴリ

助成金の申請は\*\*7月中（8月6日締め切り）\*\*を目指しています。

## 詳細","Backlog",,"No priority",,,"coralnetwork.contact@gmail.com",,"助成金の申請は**7月中, Migrated",,,,,"Mon May 05 2025 18:33:31 GMT+0000 (GMT)","Mon May 05 2025 18:33:31 GMT+0000 (GMT)",,,,,,,,"",,,
"COR-17","Coral","Google Ad Grantsの利用可能性調査","## カテゴリ

情報収集・調査関連

## 詳細

Google Ad Grantsが認定NPO法人だけでなく、通常のNPO法人でも無償利用できるのかどうかを詳しく調べる必要があります。","Backlog",,"No priority",,,"coralnetwork.contact@gmail.com",,"Migrated, 情報収集・調査",,,,,"Mon May 05 2025 18:52:57 GMT+0000 (GMT)","Mon May 05 2025 18:52:57 GMT+0000 (GMT)",,,,,,,,"",,,
"COR-18","Coral","PRTimesの無償利用可能性調査","## カテゴリ

情報収集・調査関連

## 詳細

PRTimesが無料で使える可能性があるため、これについても調査し、可能であれば設立後に活用していくことを目指します。","Backlog",,"No priority",,,"coralnetwork.contact@gmail.com",,"Migrated, 情報収集・調査",,,,,"Mon May 05 2025 18:52:58 GMT+0000 (GMT)","Mon May 05 2025 18:52:58 GMT+0000 (GMT)",,,,,,,,"",,,
"COR-19","Coral","補助金申請における士業の専売業務に関する詳細調査","## カテゴリ

組織運営・会議関連

## 詳細

補助金申請の「代理」は士業（行政書士、社労士など）の専売業務である可能性があり、申請「補助」なら可能らしいですが、この点について詳しく調べる必要があります。調査結果次第では、プロボノで行政書士を募ることも検討されます。","Backlog",,"No priority",,,"coralnetwork.contact@gmail.com",,"Migrated, 組織運営・会議",,,,,"Mon May 05 2025 18:52:58 GMT+0000 (GMT)","Mon May 05 2025 18:52:58 GMT+0000 (GMT)",,,,,,,,"",,,
"COR-20","Coral","会議体の明確化の適用","## カテゴリ

組織運営・会議関連

## 詳細

役員会議と保育プロジェクト会議を明確に分けるという提案があり、次回の本会議からこの方針を適用する予定です。","Backlog",,"No priority",,,"coralnetwork.contact@gmail.com",,"Migrated, 組織運営・会議",,,,,"Mon May 05 2025 18:52:59 GMT+0000 (GMT)","Mon May 05 2025 18:52:59 GMT+0000 (GMT)",,,,,,,,"",,,
"COR-21","Coral","コミュニケーション・社内交流の課題・アイデア検討","## カテゴリ

組織運営・会議関連

## 詳細

Slack等でのコミュニケーションや社内交流に関する現状の課題について、アイデア出しを含めて議論が必要です。","Backlog",,"No priority",,,"coralnetwork.contact@gmail.com",,"Migrated, 組織運営・会議",,,,,"Mon May 05 2025 18:53:00 GMT+0000 (GMT)","Mon May 05 2025 18:53:00 GMT+0000 (GMT)",,,,,,,,"",,,
"COR-22","Coral","githubプロジェクト複雑さの原因究明","## カテゴリ

プロジェクト関連

## 詳細

githubプロジェクトの複雑さの原因について、特定の担当者への記入依頼が出されており、その原因を究明する必要があります。","Backlog",,"No priority",,,"coralnetwork.contact@gmail.com",,"Migrated, プロジェクト",,,,,"Mon May 05 2025 18:53:00 GMT+0000 (GMT)","Mon May 05 2025 18:53:00 GMT+0000 (GMT)",,,,,,,,"",,,
"COR-23","Coral","保育アプリのUI設計・イメージ確認","## カテゴリ

前回からの宿題事項（進捗およびタスク）

## 詳細

保育アプリプロジェクトに関しては、UI設計（登録画面入力事項）とUI image sampleについて、特定の担当者への確認や記入が求められています。","Backlog",,"No priority",,,"coralnetwork.contact@gmail.com",,"Migrated, 前回からの宿題事項",,,,,"Mon May 05 2025 18:53:01 GMT+0000 (GMT)","Mon May 05 2025 18:53:01 GMT+0000 (GMT)",,,,,,,,"",,,
"COR-24","Coral","札幌関連（補助金申請準備）","## カテゴリ

前回からの宿題事項（進捗およびタスク）

## 詳細

* 札幌のモノづくり補助金について、電子申請でありZビズのアカウントが必要となることが確認されています。
* 提出書類は多岐にわたり（基本情報、次世代法一般事業主行動計画公表の確認、事業計画書、補助経費に関する誓約書、賃金引上げ計画の誓約書、直近2期分の決算書、従業員数の確認資料など）、内容が分かれば代理での制作は可能ですが、Zビズのアカウントがないと内容確認や入力ができない懸念があります。その他、該当事業者のみに必要な書類も多数存在するため、確認が必要です。","Backlog",,"No priority",,,"coralnetwork.contact@gmail.com",,"Migrated, 前回からの宿題事項",,,,,"Mon May 05 2025 18:53:02 GMT+0000 (GMT)","Mon May 05 2025 18:53:02 GMT+0000 (GMT)",,,,,,,,"",,,
"COR-25","Coral","足立区プログラミング関連（申請書作成・提出）","## カテゴリ

前回からの宿題事項（進捗およびタスク）

## 詳細

* NPO支援団体への申請を\*\*6月中（設立後）\*\*に目指すという目標があります。設立が遅れると、支援団体への登録に最長1ヶ月かかるため、助成金の申請が難しくなる可能性が指摘されています。
* 助成金の申請は\*\*7月中（8月6日締め切り）\*\*を目指しています。
* 助成金資料は現在作成中であり、NPO支援団体へ提出する書類について役割分担をお願いしたいという依頼が出ています。","Backlog",,"No priority",,,"coralnetwork.contact@gmail.com",,"Migrated, 前回からの宿題事項",,,,,"Mon May 05 2025 18:53:02 GMT+0000 (GMT)","Mon May 05 2025 18:53:02 GMT+0000 (GMT)",,,,,,,,"",,,
"COR-26","Coral","ミーティングフォローアップ - タスク整理とUIデザイン検討事項","## 前回からのタスク進捗

### 完了済み

- [X] 鈴川さん：Gbizアカウントを早急に作成する→5/20時点、申請いただいたので連絡待ち
- [X] 広瀬さん：Gbizアカウント作成のURLと手順を共有する→継続中

### 継続中・新規タスク

- [ ] 【new】価格、着手金、スケジュールのご検討状況を共有いただく
- [ ] UIの詳細設計を継続して進める→本日もお話し予定
- [ ] 補助金申請に必要な書類を整理する→Gbiz発行待ち
- [ ] 開発費用の支払いスケジュールについて詳細を決定する→継続
- [ ] 【new】サイト構成の素案をお出しする

## スケジュール関連の検討事項

### 補助金・予算について

* 補助金は満額出ない可能性→100か0の判定
* 着手金検討可能
* 着手金は経費に含まれないため金額変更の可能性
* 税込み800万円での検討要請
* 鈴川様のGBiz承認後に連絡待ち

## UIデザイン要件・フィードバック

### 画面構成・コンテンツ

* 最初に出てくる家族構成は子供メインの画像が好ましい
* 病歴情報の追加：大きな病気や先天性疾患の記載機能
* 両親の勤務状況詳細：勤務時間帯の情報入力

### デザイン方針

* 現在のUIイメージの優しい雰囲気を維持
* 色合いのバリエーション検討：背景は薄いクリーム色
* AI利用画像の次回紹介予定
* 画像とイラストの使い分け：
  * 宣伝部分：実写画像
  * 詳細機能部分：親しみやすいイラスト

### 参考サイト

* えんさが（保育園検索サイト）を参考
* 特徴：使い方のヒント機能、情報整理方法

## 次回までのアクション項目

1. UIイメージ共有の継続
2. サイト構成素案の作成
3. AI画像の準備・紹介
4. 価格・スケジュール検討結果の共有待ち
5. GBiz承認状況の確認","Backlog",,"No priority",,,"coralnetwork.contact@gmail.com",,"Migrated",,,,,"Sun May 25 2025 06:41:03 GMT+0000 (GMT)","Sun May 25 2025 06:41:03 GMT+0000 (GMT)",,,,,,,,"",,,
"COR-27","Coral","商工会議所に企画を提出する",,"Done",,"No priority","fe53a805-fb9c-4ae6-802d-1954fc3b86b4","ALLProject","coralnetwork.contact@gmail.com","coralnetwork.contact@gmail.com","Migrated",,,,,"Sun Jun 22 2025 14:46:41 GMT+0000 (GMT)","Fri Aug 08 2025 16:13:29 GMT+0000 (GMT)",,,"Wed Jul 30 2025 17:58:25 GMT+0000 (GMT)",,,,,"",,,
"COR-28","Coral","ピッチ作成",,"In Review",,"No priority","fe53a805-fb9c-4ae6-802d-1954fc3b86b4","ALLProject","coralnetwork.contact@gmail.com",,"Migrated",,,,,"Sun Jun 22 2025 14:49:32 GMT+0000 (GMT)","Thu Aug 07 2025 12:10:57 GMT+0000 (GMT)","Wed Jul 30 2025 18:06:38 GMT+0000 (GMT)",,,,,,,"",,,
"COR-29","Coral","アジア留学生インターン受入れ助成プログラム提出",,"Done",,"High","fe53a805-fb9c-4ae6-802d-1954fc3b86b4","ALLProject","coralnetwork.contact@gmail.com","coralnetwork.contact@gmail.com","組織運営・会議",,,,,"Sun Jun 22 2025 14:50:32 GMT+0000 (GMT)","Fri Aug 08 2025 16:13:29 GMT+0000 (GMT)","Wed Jul 30 2025 17:59:38 GMT+0000 (GMT)",,"Wed Jul 30 2025 18:01:50 GMT+0000 (GMT)",,,,,"",,,
"COR-41","Coral","[プロジェクト提出] Discord Supabase Bot - fuku-juuuun（PRができなかったためissueの方で失礼します）","# Discord Supabase Bot

Discord BotとSupabaseデータベースを連携したデータ操作システム

## 概要

このプロジェクトは、DiscordのスラッシュコマンドからSupabaseデータベースの情報を取得できるBotシステムです。

## 機能

* `/db test` - データベース接続テスト
* `/db select table:テーブル名` - 指定テーブルからデータ取得（最大5件）
* `/db select table:テーブル名 limit:数値` - 指定件数でデータ取得

## 技術スタック

* **Node.js** - サーバーサイド実行環境
* **Discord.js** - Discord Bot開発ライブラリ
* **Supabase** - PostgreSQLベースのBaaS
* **dotenv** - 環境変数管理

## セットアップ

### 1\. 依存関係のインストール

```bash
npm install

### コマンド追加のファイル
node commands/deploy.js

### Bot起動ファイル（DiscordのみだとBotを起動させることができないそうで、私は GitBash で起動させています）
node index.js

### ファイル構成
discord-supabase-clean/
├── index.js              # メインBotファイル
├── commands/
│   ├── database.js       # データベース操作コマンド
│   └── deploy.js         # コマンド登録スクリプト
├── utils/
│   └── supabase.js       # Supabase接続設定
├── .env                  # 環境変数（要作成）
└── package.json          # プロジェクト設定

※envファイルには、TOKENなどの情報が入っているため、PRしておりません
```","Backlog",,"No priority",,,,,"Migrated",,,,,"Sun Jun 29 2025 04:17:58 GMT+0000 (GMT)","Sun Jun 29 2025 04:17:58 GMT+0000 (GMT)",,,,,,,,"",,,
"COR-30","Coral","githubアカウントを作成する","gmailで登録してslackで代表にアカウント名とgmailを共有する","Backlog",,"No priority","fe53a805-fb9c-4ae6-802d-1954fc3b86b4","ALLProject","coralnetwork.contact@gmail.com",,"Migrated",,,,,"Tue Jul 08 2025 10:32:58 GMT+0000 (GMT)","Fri Aug 08 2025 16:13:29 GMT+0000 (GMT)",,,,,,,,"",,,
"COR-31","Coral","test","これはテストです","In Review",,"No priority","fe53a805-fb9c-4ae6-802d-1954fc3b86b4","ALLProject","coralnetwork.contact@gmail.com","coralnetwork.contact@gmail.com","Migrated",,,,,"Fri Jul 11 2025 11:40:16 GMT+0000 (GMT)","Sat Aug 16 2025 20:40:02 GMT+0000 (GMT)","Sat Aug 16 2025 20:40:02 GMT+0000 (GMT)",,,,,,,"",,,
"COR-32","Coral","サンプルイシュー（タスク）","こちらテストです","Done",,"No priority","fe53a805-fb9c-4ae6-802d-1954fc3b86b4","ALLProject","coralnetwork.contact@gmail.com","coralnetwork.contact@gmail.com","Migrated",,,,,"Thu Jul 17 2025 10:43:59 GMT+0000 (GMT)","Fri Aug 08 2025 16:13:29 GMT+0000 (GMT)",,,"Fri Aug 08 2025 04:37:31 GMT+0000 (GMT)",,,,,"",,,
"COR-33","Coral","スペース（公民館やレンタルスペース）を探す",,"Backlog",,"No priority","fe53a805-fb9c-4ae6-802d-1954fc3b86b4","ALLProject","coralnetwork.contact@gmail.com",,"Migrated",,,,,"Thu Jul 17 2025 11:02:00 GMT+0000 (GMT)","Fri Aug 08 2025 16:13:28 GMT+0000 (GMT)",,,,,,,,"",,,
"COR-34","Coral","法務・規制確認","* 教育事業に関する法的確認
* 個人情報保護対応
* 認定証発行の法的要件確認","Backlog",,"No priority","fe53a805-fb9c-4ae6-802d-1954fc3b86b4","ALLProject","coralnetwork.contact@gmail.com","coralnetwork.contact@gmail.com","Migrated",,,,,"Thu Jul 17 2025 11:14:47 GMT+0000 (GMT)","Fri Aug 08 2025 16:13:29 GMT+0000 (GMT)",,,,,,,,"",,,
"COR-35","Coral","コンテンツ作成ツール開発","* 教材作成・編集機能
* 動画・画像アップロード機能
* クイズ・演習問題作成機能","Backlog",,"No priority","fe53a805-fb9c-4ae6-802d-1954fc3b86b4","ALLProject","coralnetwork.contact@gmail.com",,"Migrated",,,,,"Thu Jul 17 2025 11:18:46 GMT+0000 (GMT)","Fri Aug 08 2025 16:13:29 GMT+0000 (GMT)",,,,,,,,"",,,
"COR-36","Coral","Discordコミュニティ運営","* サーバー設計・構築
* 運営ルール策定
* モデレーター体制構築","Backlog",,"No priority","fe53a805-fb9c-4ae6-802d-1954fc3b86b4","ALLProject","coralnetwork.contact@gmail.com",,"Migrated",,,,,"Thu Jul 17 2025 11:20:12 GMT+0000 (GMT)","Fri Aug 08 2025 16:13:29 GMT+0000 (GMT)",,,,,,,,"",,,
"COR-37","Coral","チーム体制整備","* 役割分担明確化
* 定期ミーティング体制
* 進捗管理システム構築","Backlog",,"No priority","fe53a805-fb9c-4ae6-802d-1954fc3b86b4","ALLProject","coralnetwork.contact@gmail.com",,"Migrated",,,,,"Thu Jul 17 2025 11:20:51 GMT+0000 (GMT)","Fri Aug 08 2025 16:13:29 GMT+0000 (GMT)",,,,,,,,"",,,
"COR-38","Coral","マーケティング戦略","* ターゲット層分析
* 広報戦略策定
* SNS運用戦略","Backlog",,"No priority","fe53a805-fb9c-4ae6-802d-1954fc3b86b4","ALLProject","coralnetwork.contact@gmail.com",,"Migrated",,,,,"Thu Jul 17 2025 11:21:35 GMT+0000 (GMT)","Fri Aug 08 2025 16:13:29 GMT+0000 (GMT)",,,,,,,,"",,,
"COR-39","Coral","パートナーシップ開拓","* 教育機関連携
* 企業連携
* 自治体連携","Backlog",,"No priority","fe53a805-fb9c-4ae6-802d-1954fc3b86b4","ALLProject","coralnetwork.contact@gmail.com","coralnetwork.contact@gmail.com","Migrated",,,,,"Thu Jul 17 2025 11:22:23 GMT+0000 (GMT)","Fri Aug 08 2025 16:13:28 GMT+0000 (GMT)",,,,,,,,"",,,
"COR-40","Coral","予算管理","* 開発費用見積もり
* 運営費用計算
* 収支計画作成","Backlog",,"No priority","fe53a805-fb9c-4ae6-802d-1954fc3b86b4","ALLProject","coralnetwork.contact@gmail.com",,"Migrated",,,,,"Thu Jul 17 2025 11:28:44 GMT+0000 (GMT)","Fri Aug 08 2025 16:13:29 GMT+0000 (GMT)",,,,,,,,"",,,
"COR-43","Coral","【緊急】募集サイト応募者への返信メール送信","## 概要

activoボランティア団体の募集サイトから多数の応募があり、返信メールを送信する必要がある。

## 作業内容

* 応募者リストの確認
* 返信メールテンプレートの作成/確認
* 個別返信メールの送信

## 期限

今日中

## 優先度

緊急","Backlog",,"Urgent","fe53a805-fb9c-4ae6-802d-1954fc3b86b4","ALLProject","coralnetwork.contact@gmail.com",,"",,,,,"Fri Aug 08 2025 04:28:45 GMT+0000 (GMT)","Fri Aug 08 2025 04:28:45 GMT+0000 (GMT)",,,,,,,,"",,,
"COR-44","Coral","【緊急】助成金予算書修正（カメラ・交通費変更）","## 概要

助成金申請のための予算書を修正する必要がある。以下の変更が必要：

## 修正内容

1. **1回目のプリンター費用をカメラ費用に変更**
   * プリンター → カメラ：20,000円として計上
   * 実際は70,000円のカメラを購入予定
2. **2回目にプリンター費用を計上**
3. **備品の確認**
   * 外部ストレージ
   * その他使える備品の確認
4. **交通費の修正**
   * マービンさんの交通費
   * 長岡→富山 から 長岡→東京 に変更
   * 東京でのイベント参加を想定

## 期限

今日中（郵送・メール送信のため）

## 優先度

緊急","Done",,"Urgent","fe53a805-fb9c-4ae6-802d-1954fc3b86b4","ALLProject","coralnetwork.contact@gmail.com",,"",,,,,"Fri Aug 08 2025 04:29:00 GMT+0000 (GMT)","Fri Aug 08 2025 16:13:32 GMT+0000 (GMT)","Fri Aug 08 2025 16:13:29 GMT+0000 (GMT)",,"Fri Aug 08 2025 16:13:32 GMT+0000 (GMT)",,,,,"",,,
"COR-45","Coral","富山大学への請求書作成・送付","## 概要

富山大学に対する請求書を作成・送付する

## 作業内容

* 請求書の作成
* 請求内容・金額の確認
* 富山大学への送付

## 期限

今日中

## 優先度

高","Backlog",,"High","fe53a805-fb9c-4ae6-802d-1954fc3b86b4","ALLProject","coralnetwork.contact@gmail.com",,"",,,,,"Fri Aug 08 2025 04:29:08 GMT+0000 (GMT)","Fri Aug 08 2025 04:29:08 GMT+0000 (GMT)",,,,,,,,"",,,
"COR-46","Coral","ボランティア申請フォーム・QRコード作成","## 概要

ボランティア申請のための簡単な申請フォームとQRコードを作成・配布する

## 作業内容

* ボランティア申請フォームの作成
* QRコードの生成
* 配布用資料の準備

## 期限

今日中

## 優先度

高","Backlog",,"High","fe53a805-fb9c-4ae6-802d-1954fc3b86b4","ALLProject","coralnetwork.contact@gmail.com",,"",,,,,"Fri Aug 08 2025 04:29:19 GMT+0000 (GMT)","Fri Aug 08 2025 04:29:19 GMT+0000 (GMT)",,,,,,,,"",,,
"COR-47","Coral","NPO今週活動のSlack報告","## 概要

NPOの今週の活動をまとめてSlackに報告・共有する

## 作業内容

* 今週の活動内容の整理
* 進捗・成果のまとめ
* Slackでの報告投稿

## 期限

今日中

## 優先度

中","Backlog",,"Medium","fe53a805-fb9c-4ae6-802d-1954fc3b86b4","ALLProject","coralnetwork.contact@gmail.com",,"",,,,,"Fri Aug 08 2025 04:29:27 GMT+0000 (GMT)","Fri Aug 08 2025 04:29:27 GMT+0000 (GMT)",,,,,,,,"",,,
"COR-48","Coral","札幌保育検索アプリ請求書作成・送付","## 概要

札幌の保育検索アプリケーション開発に関する請求書を作成・送付する

## 作業内容

* 開発作業内容の確認
* 請求金額の算出
* 請求書の作成
* 札幌のクライアントへの送付

## 期限

今日中

## 優先度

高","Backlog",,"High","fe53a805-fb9c-4ae6-802d-1954fc3b86b4","ALLProject","coralnetwork.contact@gmail.com",,"",,,,,"Fri Aug 08 2025 04:29:34 GMT+0000 (GMT)","Fri Aug 08 2025 04:29:34 GMT+0000 (GMT)",,,,,,,,"",,,
"COR-49","Coral","東京イベント運営計画策定（9月開始）","## 概要

9月から東京で持続可能な活動を行うための包括的な運営計画を策定する

## 活動内容

* **国際協力イベント**
* **生AIイベント**
* **Blenderイベント**
* 頻度：毎日または週3回程度

## 検討項目

1. **資金調達・運営方法**
   * 収益モデルの検討
   * 継続的な資金調達方法
2. **スペース確保**
   * イベント会場の選定・契約
   * 予算とのバランス
3. **集客戦略**
   * ターゲット層の明確化
   * 集客チャネルの選定
   * 継続参加促進策
4. **運営体制**
   * スタッフ・ボランティア体制
   * 役割分担
   * 研修・サポート体制

## スケジュール

9月開始予定

## 優先度

中","Backlog",,"Medium","fe53a805-fb9c-4ae6-802d-1954fc3b86b4","ALLProject","coralnetwork.contact@gmail.com",,"",,,,,"Fri Aug 08 2025 04:29:46 GMT+0000 (GMT)","Fri Aug 08 2025 04:29:46 GMT+0000 (GMT)",,,,,,,,"",,,
"COR-50","Coral","集客戦略検討・実践計画策定","## 概要

東京でのイベント活動における効果的な集客戦略を検討し、実践可能な計画を立案する

## 検討事項

1. **集客可能性の評価**
   * 各イベントタイプの需要調査
   * 競合分析
   * ターゲット層の特定
2. **集客手法の選定**
   * SNS活用戦略
   * パートナーシップ構築
   * 口コミ・紹介システム
   * オンライン/オフライン連携
3. **実践計画**
   * 9月からの段階的実施
   * KPI設定・効果測定
   * 改善サイクルの構築
4. **リソース配分**
   * 予算配分
   * 人的リソース
   * 時間配分

## 期限

8月末（9月開始に向けて）

## 優先度

中","Backlog",,"Medium","fe53a805-fb9c-4ae6-802d-1954fc3b86b4","ALLProject","coralnetwork.contact@gmail.com",,"",,,,,"Fri Aug 08 2025 04:30:02 GMT+0000 (GMT)","Fri Aug 08 2025 04:30:02 GMT+0000 (GMT)",,,,,,,,"",,,
"COR-51","Coral","【入札資格】富山県公式ページから申請様式をダウンロード","## 🎯 目的

富山県の入札参加資格申請に必要な書類様式を入手する

## ✅ 具体的なアクション

### 1\. 富山県公式サイトにアクセス（5分）

* URL: [https://www.pref.toyama.jp/](https://www.pref.toyama.jp/)
* 「入札・契約」または「事業者向け」メニューを探す

### 2\. 申請ページを探す（10分）

検索キーワード：

* 「競争入札参加資格審査」
* 「物品等調達」
* 「役務提供」

### 3\. 必要書類をダウンロード（15分）

以下の書類を全てダウンロード：

- [ ] 競争入札参加資格審査申請書（様式第1号）
- [ ] 営業概要書
- [ ] 誓約書
- [ ] 使用印鑑届
- [ ] 委任状（必要な場合）
- [ ] 必要書類チェックリスト

### 4\. ダウンロードした書類を整理（10分）

* Googleドライブに「富山県入札資格」フォルダを作成
* 日付入りでファイル名を変更（例：20250818\_申請書.pdf）
* チームメンバーに共有

## 📞 問い合わせ先

富山県出納局総務会計課

* 電話：076-444-3321（代表）
* 受付時間：平日 8:30-17:15

## ⏰ 推定作業時間

約40分

## 🏁 完了条件

- [ ] 全ての申請様式がダウンロード済み
- [ ] Googleドライブに保存済み
- [ ] 必要書類リストを作成済み
- [ ] 不明点があれば県に電話確認済み

## 💡 注意事項

* 最新版の様式を使用すること（古い様式は受理されない）
* PDFとExcel両方の形式がある場合は、記入しやすいExcel版を選ぶ","Todo",,"No priority","30fce33e-e441-4716-93bc-32842ffa6192","富山県入札資格取得","coralnetwork.contact@gmail.com",,"",,,,,"Sat Aug 16 2025 20:29:30 GMT+0000 (GMT)","Sun Aug 17 2025 16:05:19 GMT+0000 (GMT)",,,,,,,,"",,,
"COR-52","Coral","【入札資格】登記事項証明書を法務局で取得","法務局でNPO法人登記事項証明書を取得する

* 最寄りの法務局を確認
* 必要な手数料を準備（600円程度）
* 取得後スキャンしてデジタル保管","Todo",,"No priority","30fce33e-e441-4716-93bc-32842ffa6192","富山県入札資格取得","coralnetwork.contact@gmail.com",,"",,,,,"Sat Aug 16 2025 20:29:41 GMT+0000 (GMT)","Sun Aug 17 2025 15:54:01 GMT+0000 (GMT)",,,,,,,,"",,,
"COR-53","Coral","【入札資格】納税証明書（国税・県税）を取得","国税・県税の納税証明書を準備する

* 税務署で国税の納税証明書を取得
* 県税事務所で県税の納税証明書を取得
* 未納がないことを確認","Todo",,"No priority","30fce33e-e441-4716-93bc-32842ffa6192","富山県入札資格取得","coralnetwork.contact@gmail.com",,"",,,,,"Sat Aug 16 2025 20:29:50 GMT+0000 (GMT)","Sun Aug 17 2025 15:54:25 GMT+0000 (GMT)",,,,,,,,"",,,
"COR-54","Coral","【入札資格】決算書（直近2期分）を整備","直近2期分の財務諸表を整備する

* 貸借対照表
* 収支計算書（NPOの場合）
* 事業報告書
* PDFにまとめて保管","Todo",,"No priority","30fce33e-e441-4716-93bc-32842ffa6192","富山県入札資格取得","coralnetwork.contact@gmail.com",,"",,,,,"Sat Aug 16 2025 20:30:02 GMT+0000 (GMT)","Sun Aug 17 2025 15:54:33 GMT+0000 (GMT)",,,,,,,,"",,,
"COR-55","Coral","【入札資格】事業概要説明文を作成","DX推進、イベント運営、教育事業を中心にした事業概要を作成

## 記載すべき内容：

* DX推進（システム開発・電子署名・保育関連DX）
* イベント運営（国際交流、AIセミナー等）
* 教育・研修（AIスクール、DX講座）
* 官民産学連携の実績
* 東京での活動実績も含める","Todo",,"High",,,"coralnetwork.contact@gmail.com",,"",,,,,"Sat Aug 16 2025 20:30:20 GMT+0000 (GMT)","Sat Aug 16 2025 20:30:20 GMT+0000 (GMT)",,,,,,,,"",,,
"COR-56","Coral","【入札資格】事業概要説明文を作成","DX推進、イベント運営、教育事業を中心にした事業概要を作成

記載すべき内容：

* DX推進（システム開発・電子署名・保育関連DX）
* イベント運営（国際交流、AIセミナー等）
* 教育・研修（AIスクール、DX講座）
* 官民産学連携の実績
* 東京での活動実績も含める","Todo",,"High","30fce33e-e441-4716-93bc-32842ffa6192","富山県入札資格取得","coralnetwork.contact@gmail.com",,"",,,,,"Sat Aug 16 2025 20:30:35 GMT+0000 (GMT)","Sun Aug 17 2025 15:54:42 GMT+0000 (GMT)",,,,,,,,"",,,
"COR-57","Coral","【サイト改善】メッセージ管理機能の設計","メッセージ管理機能のUIとデータ構造の下書きを作成

* UIワイヤーフレーム作成
* データベース構造設計
* ユーザーフロー設計
* メッセージ通知機能の仕様","Todo",,"Urgent","73e6eb39-95cb-477d-9a5a-43be34490f57","サイト機能拡張","coralnetwork.contact@gmail.com",,"Feature",,,,,"Sat Aug 16 2025 20:30:49 GMT+0000 (GMT)","Sun Aug 17 2025 15:54:58 GMT+0000 (GMT)",,,,,,,,"",,,
"COR-58","Coral","【サイト改善】プロジェクト詳細ページに外部リンク機能追加","## 🎯 目的

プロジェクト詳細ページから関連する外部サイトへ簡単にアクセスできるようにする

## 🖥️ 実装内容

### 1\. データベース設計（30分）

```sql
-- projectsテーブルに追加するカラム
website_url: VARCHAR(255)  -- 公式サイト
github_url: VARCHAR(255)   -- GitHubリポジトリ
twitter_url: VARCHAR(255)  -- X(Twitter)
instagram_url: VARCHAR(255) -- Instagram
youtube_url: VARCHAR(255)  -- YouTube
```

### 2\. 管理画面の修正（1時間）

- [ ] プロジェクト編集フォームにURL入力欄を追加
- [ ] URLのバリデーション実装（[https://で始まるか](https://xn--u8jvc7c7b4214a)）
- [ ] プレビュー機能の追加

### 3\. フロントエンド実装（2時間）

表示位置：プロジェクトタイトルの下

```html
<div class=""external-links"">
  <a href=""{website_url}"" target=""_blank"">
    <i class=""fas fa-globe""></i> 公式サイト
  </a>
  <a href=""{github_url}"" target=""_blank"">
    <i class=""fab fa-github""></i> GitHub
  </a>
  <!-- 他のSNSアイコンも同様に -->
</div>
```

### 4\. アイコンの準備（30分）

- [ ] Font Awesomeを導入
- [ ] または SVGアイコンを用意
- [ ] ホバー時のアニメーション追加

### 5\. テスト項目（30分）

- [ ] URLが正しく保存されるか
- [ ] 新しいタブで開くか
- [ ] URLが空の時はアイコンを非表示にするか
- [ ] モバイル表示でも問題ないか

## 📁 修正が必要なファイル

1. `/database/migrations/add_external_links.sql`
2. `/admin/projects/edit.php`
3. `/templates/project-detail.html`
4. `/css/project.css`
5. `/js/project.js`

## ⏰ 推定作業時間

約4.5時間

## 🏁 完了条件

- [ ] 5種類以上の外部リンクが設定可能
- [ ] 管理画面から簡単に編集可能
- [ ] アイコン付きで見やすく表示
- [ ] レスポンシブ対応済み
- [ ] 3つ以上のプロジェクトでテスト済み

## 💡 注意事項

* nofollow属性を付けてSEO対策
* URLのバリデーションを厳密に（XSS対策）
* アイコンのライセンスを確認","Todo",,"Urgent","73e6eb39-95cb-477d-9a5a-43be34490f57","サイト機能拡張","coralnetwork.contact@gmail.com",,"Feature",,,,,"Sat Aug 16 2025 20:31:00 GMT+0000 (GMT)","Sun Aug 17 2025 16:06:06 GMT+0000 (GMT)",,,,,,,,"",,,
"COR-59","Coral","【サイト改善】カンパニーページ拡充","カンパニーページのコンテンツを充実させる

* ロードマップの掲載
* コアメンバー紹介セクション
* 活動履歴のタイムライン
* プロジェクトへのリンク一覧
* ビジョン・ミッションの明記","Todo",,"High","73e6eb39-95cb-477d-9a5a-43be34490f57","サイト機能拡張","coralnetwork.contact@gmail.com",,"Feature",,,,,"Sat Aug 16 2025 20:31:12 GMT+0000 (GMT)","Sun Aug 17 2025 15:55:15 GMT+0000 (GMT)",,,,,,,,"",,,
"COR-60","Coral","【サイト改善】ドキュメントページ新設","ドキュメントページを新規メニューとして追加

* 全体の設計書
* 連絡手段・方法の明記
* エコシステム図
* 利用規約・プライバシーポリシー
* FAQ・ヘルプセクション","Todo",,"High","73e6eb39-95cb-477d-9a5a-43be34490f57","サイト機能拡張","coralnetwork.contact@gmail.com",,"Feature",,,,,"Sat Aug 16 2025 20:31:21 GMT+0000 (GMT)","Sun Aug 17 2025 15:55:23 GMT+0000 (GMT)",,,,,,,,"",,,
"COR-61","Coral","【AIイベント】タイトル・キャッチコピー決定","## 🎯 目的

9月開催の生成AIイベントの魅力的なタイトルとキャッチコピーを決定する

## 👥 ターゲット

* 社会人（25-45歳）
* 生成AI初心者〜中級者
* 業務効率化に興味がある人

## ✅ 具体的なアクション

### 1\. タイトル候補を5つ作成（20分）

現在の候補：

- [ ] 「ChatGPT×仕事術 - 2時間で身につく実践スキル」
- [ ] 「生成AIで変わる！明日から使える業務改善術」
- [ ] 「初心者歓迎！ChatGPT活用ワークショップ」
- [ ] 他2案を追加で考える

### 2\. キャッチコピーを作成（15分）

ポイント：

* 具体的なメリットを入れる
* 数字を使う（例：業務時間30%削減）
* 行動を促す言葉を使う

例：
「メール作成時間が1/3に！ChatGPTを味方につける実践講座」

### 3\. チーム内で投票（10分）

- [ ] Slackでアンケート作成
- [ ] 3日間で投票締切
- [ ] 上位2案を最終候補に

### 4\. SNS用の短縮版も作成（10分）

* Instagram用（30文字以内）
* X(Twitter)用（50文字以内）

## 📝 決定基準

- [ ] 初心者でも参加したくなる
- [ ] 具体的な成果がイメージできる
- [ ] 検索されやすいキーワードが入っている
- [ ] 他のAIセミナーと差別化できている

## ⏰ 推定作業時間

約1時間

## 🏁 完了条件

- [ ] 正式タイトル決定
- [ ] キャッチコピー決定
- [ ] SNS用短縮版作成済み
- [ ] Peatix/Meetup用の説明文の冒頭完成

## 💡 参考情報

競合イベントのタイトル例：

* 「ビジネスパーソンのためのChatGPT入門」
* 「AI時代の仕事術セミナー」
  → これらより具体的で実践的なタイトルにする","Todo",,"Urgent","6056c6e1-209c-4dfd-b0ef-ed41cb26c760","生成AIイベント東京9月","coralnetwork.contact@gmail.com",,"",,,,,"Sat Aug 16 2025 20:31:32 GMT+0000 (GMT)","Sun Aug 17 2025 16:05:41 GMT+0000 (GMT)",,,,,,,,"",,,
"COR-62","Coral","【AIイベント】プログラム構成案作成","約2時間のプログラム構成案を作成

* オープニング（10分）
* 生成AI基礎講座（30分）
* ハンズオン実践（60分）
* 活用事例紹介（15分）
* Q&A・ネットワーキング（5分）","Todo",,"High","6056c6e1-209c-4dfd-b0ef-ed41cb26c760","生成AIイベント東京9月","coralnetwork.contact@gmail.com",,"",,,,,"Sat Aug 16 2025 20:31:42 GMT+0000 (GMT)","Sun Aug 17 2025 15:55:44 GMT+0000 (GMT)",,,,,,,,"",,,
"COR-63","Coral","【AIイベント】会場候補リストアップ","東京都心でイベント開催可能な会場をリストアップ

* コワーキングスペース（WeWork、Spaces等）
* カフェ・レストラン（貸切可能）
* 公共施設（区民センター等）
* 予算：2-3万円程度
* 収容人数：20-30名","Todo",,"High","6056c6e1-209c-4dfd-b0ef-ed41cb26c760","生成AIイベント東京9月","coralnetwork.contact@gmail.com",,"",,,,,"Sat Aug 16 2025 20:31:56 GMT+0000 (GMT)","Sun Aug 17 2025 15:56:03 GMT+0000 (GMT)",,,,,,,,"",,,
"COR-64","Coral","【AIイベント】Peatix/Meetupページ作成","Peatix・Meetupにイベントページを作成・公開

* イベント概要文の作成
* 参加費の設定（2000-3000円）
* 定員設定（20-30名）
* 申込期限の設定
* キャンセルポリシーの明記","Todo",,"Urgent","6056c6e1-209c-4dfd-b0ef-ed41cb26c760","生成AIイベント東京9月","coralnetwork.contact@gmail.com",,"",,,,,"Sat Aug 16 2025 20:32:06 GMT+0000 (GMT)","Sun Aug 17 2025 15:56:11 GMT+0000 (GMT)",,,,,,,,"",,,
"COR-65","Coral","【AIイベント】SNS告知用デザイン制作","SNS告知用のビジュアルデザインを制作

* Instagramストーリー・フィード用画像
* Facebook投稿用バナー
* X（Twitter）用画像
* イベントのキービジュアル
* QRコード付きフライヤー","Todo",,"High","6056c6e1-209c-4dfd-b0ef-ed41cb26c760","生成AIイベント東京9月","coralnetwork.contact@gmail.com",,"",,,,,"Sat Aug 16 2025 20:32:17 GMT+0000 (GMT)","Sun Aug 17 2025 15:56:18 GMT+0000 (GMT)",,,,,,,,"",,,
"COR-66","Coral","【営業準備】スポンサー候補リスト作成","スポンサー候補企業をリストアップ（20-30社）

カテゴリー：

* 生成AI関連企業
* コワーキングスペース運営会社
* 教育・研修会社
* IT系企業
* 地元富山の企業

各社の連絡先・担当部署も調査","Todo",,"Urgent","192e1f24-f456-49dd-9978-2d24a7940384","営業・スポンサー獲得","coralnetwork.contact@gmail.com",,"",,,,,"Sat Aug 16 2025 20:32:27 GMT+0000 (GMT)","Sun Aug 17 2025 15:56:28 GMT+0000 (GMT)",,,,,,,,"",,,
"COR-67","Coral","【営業準備】営業スクリプト作成（2種）","営業用スクリプトを2種類作成

1. スポンサー提案用（3分版）
   * 団体紹介
   * スポンサーメリット
   * 協賛プラン
   * 過去実績
2. イベントコラボ提案用（1分版）
   * イベント概要
   * ターゲット層
   * 協力内容","Todo",,"High","192e1f24-f456-49dd-9978-2d24a7940384","営業・スポンサー獲得","coralnetwork.contact@gmail.com",,"",,,,,"Sat Aug 16 2025 20:32:39 GMT+0000 (GMT)","Sun Aug 17 2025 15:56:38 GMT+0000 (GMT)",,,,,,,,"",,,
"COR-68","Coral","【入札資格】書類を富山県出納局へ提出","必要書類をまとめて富山県出納局へ提出

* 申請書類一式の最終確認
* 提出方法の確認（持参 or 郵送）
* 提出先：富山県出納局総務会計課
* 受領証の取得","Todo",,"Urgent","30fce33e-e441-4716-93bc-32842ffa6192","富山県入札資格取得","coralnetwork.contact@gmail.com",,"",,,,,"Sat Aug 16 2025 20:32:48 GMT+0000 (GMT)","Sun Aug 17 2025 15:54:48 GMT+0000 (GMT)",,,,,,,,"",,,
"COR-69","Coral","【助成金】こども地域おうえんファンド申請（締切9/7）","## 🎯 目的

セーブ・ザ・チルドレン・ジャパン「こども地域おうえんファンド」第4回公募に申請する

## 📅 重要日程

* **申請期間**: 2025年6月30日～9月7日 23:59
* **結果通知**: 2025年11月～12月
* **事業開始**: 2026年1月
* **助成金額**: 年間200万円～300万円（最長2028年9月まで）

## ✅ Day 1-2: 申請要件確認と戦略決定

### 1\. 公式サイト確認（30分）

- [ ] [https://savechildren.or.jp/japan/localnposupport/ouen/](https://savechildren.or.jp/japan/localnposupport/ouen/) にアクセス
- [ ] 募集要項PDFをダウンロード
- [ ] 説明会動画・資料を確認（既に終了済みだが資料入手可能）

### 2\. 対象事業の選定（1時間）

以下から1つ選択：

- [ ] **デジタル格差解消プログラム**（相対的貧困状態の子ども対象）
- [ ] **外国につながる子どもの学習支援**（多言語対応プログラミング）
- [ ] **不登校児童への学習機会提供**（オンライン学習環境）
- [ ] **障害のある子どもへの学習支援**（アクセシブル教育）

### 3\. 子ども参加の仕組み設計（2時間）

- [ ] 子どもが意思決定に関わる具体的な方法を設計
- [ ] 子ども運営委員会の設置計画
- [ ] 定期的な子どもアンケートの仕組み

## ✅ Day 3-5: 申請書作成

### 4\. 事業計画書作成（4時間）

- [ ] 対象となる子どもの具体的な状況説明（データ含む）
- [ ] 年間活動計画（月別）
- [ ] 成果指標（KPI）設定
  * 参加者数目標
  * 学習成果指標
  * 子どもの満足度指標

### 5\. 収支予算書作成（2時間）

年間250万円の予算配分例：

```
人件費: 120万円（48%）
プログラム費: 60万円（24%）
機材・教材費: 40万円（16%）
会場費: 20万円（8%）
その他: 10万円（4%）
```

### 6\. 組織基盤強化計画（2時間）

1年目に計画、2年目から実施：

- [ ] ファンドレイジング能力向上計画
- [ ] スタッフ研修計画
- [ ] 評価システム構築計画

## ✅ Day 6-7: 書類完成と提出

### 7\. 必要書類の準備（2時間）

- [ ] NPO法人の定款
- [ ] 役員名簿
- [ ] 直近の事業報告書・決算書
- [ ] 活動実績資料（写真付き）

### 8\. 申請フォーム入力（1時間）

- [ ] オンライン申請フォームに入力
- [ ] PDFファイルのアップロード
- [ ] 送信前の最終確認

## 📞 問い合わせ先

セーブ・ザ・チルドレン・ジャパン

* 詳細は公式サイトで確認

## ⏰ 推定作業時間

約15時間（2日間集中作業）

## 🏁 完了条件

- [ ] 申請フォーム送信完了（9/7 23:59まで）
- [ ] 送信確認メールの受領
- [ ] 控えの保存

## 💡 採択のポイント

* 子どもの権利条約への理解を示す
* 取り残されがちな子どもへの具体的アプローチ
* 子ども参加の革新的な仕組み
* 地域連携の具体性","Todo",,"Urgent","9f6f1358-0cd9-4c1a-bb07-919567c6ec62","助成金申請2025-2026","coralnetwork.contact@gmail.com",,"",,,,,"Sun Aug 17 2025 16:23:35 GMT+0000 (GMT)","Sun Aug 17 2025 16:23:35 GMT+0000 (GMT)",,,,,,"Sun Sep 07 2025 00:00:00 GMT+0000 (GMT)",,"",,,
"COR-70","Coral","【助成金】ベネッセこども基金申請・1000万円（締切9/1）","## 🎯 目的

ベネッセこども基金「重い病気を抱えるこどもの学び支援活動助成」に申請（最大1,000万円）

## 📅 重要日程

* **申請期間**: 2025年6月17日～9月1日 必着
* **説明会**: 2025年7月17日 12:00/19:00（オンライン）
* **個別相談**: 8月4-7日、8月18-22日
* **助成金額**: 最大1,000万円
* **活動期間**: 2026年4月～2027年3月

## ✅ 今週中にやること

### 1\. 説明会参加準備（7/17まで）

- [ ] オンライン説明会の参加登録
- [ ] 説明動画の事前視聴（約20分）
  - 助成募集のご案内（7分）
  - 申請書記入のポイント（13分）
- [ ] 質問事項の整理

### 2\. 事業コンセプト設計（3時間）

**AI学習支援システム for 病院**として：

- [ ] 長期入院児童向けオンライン学習プラットフォーム
- [ ] ベッドサイドで使えるタブレット学習システム
- [ ] 医療スタッフと連携した学習進捗管理
- [ ] VR/ARを活用した体験学習

### 3\. 医療機関との連携準備（2時間）

連携候補リスト作成：

- [ ] 富山県内の小児科病院リスト
- [ ] 東京都内の協力病院候補
- [ ] 医療ソーシャルワーカーへのコンタクト
- [ ] 院内学級との連携可能性調査

## ✅ 7月中の準備

### 4\. 個別相談会申込（7月末まで）

メール送信内容：

```
宛先: info@benesse-kodomokikin.or.jp
件名: 助成個別相談会希望（NPO法人名）

内容:
1. 団体名: 
2. お名前:
3. 電話番号:
4. 希望日時:（第1-3希望）
   - 8/4-7 または 8/18-22
   - 10:00-17:00の間
5. 質問内容:
   - AI技術活用の可否
   - 医療機関連携の必要性
   - オンライン中心の活動について
```

### 5\. トライアル実施計画（4時間）

- [ ] パイロット病院の選定（1-2施設）
- [ ] 試行版システムの要件定義
- [ ] 効果測定方法の設計
- [ ] 倫理審査の必要性確認

## ✅ 8月の申請書作成

### 6\. 申請書作成（8月前半）

#### 事業計画セクション

- [ ] 背景：長期入院児童の学習課題（データ収集）
- [ ] 目的：学習継続と心理的サポート
- [ ] 手法：AI×オンライン学習の革新性
- [ ] 期待成果：定量・定性指標

#### 予算計画（1,000万円配分案）

```
システム開発費: 400万円
人件費: 300万円
機材費（タブレット等）: 150万円
コンテンツ制作費: 100万円
評価・報告費: 50万円
```

### 7\. 必要書類準備（8月中旬）

- [ ] NPO法人の定款
- [ ] 役員名簿
- [ ] 決算書（直近2期分）
- [ ] 事業報告書
- [ ] 医療機関からの推薦状（可能なら）

### 8\. 最終確認と提出（8/25-31）

- [ ] 申請書の最終レビュー
- [ ] 個別相談会でのフィードバック反映
- [ ] 郵送準備（必着なので余裕を持って）
- [ ] 控えのスキャン保存

## 📞 問い合わせ先

**ベネッセこども基金**

* 電話: 04-7137-2570
* メール: [jyosei-kodomokikin@grop.co.jp](mailto:jyosei-kodomokikin@grop.co.jp)
* 受付: 月～金 10:00～17:00

## ⏰ 推定作業時間

約30時間（1ヶ月間で分散作業）

## 🏁 完了条件

- [ ] 9月1日必着で郵送完了
- [ ] 受領確認の連絡
- [ ] プレゼン資料の準備（審査用）

## 💡 採択のポイント

* 医療機関との具体的な連携体制
* 長期入院児童の実態把握とニーズ分析
* AI技術の医療教育への適切な応用
* 3年間の持続可能性","Todo",,"Urgent","9f6f1358-0cd9-4c1a-bb07-919567c6ec62","助成金申請2025-2026","coralnetwork.contact@gmail.com",,"",,,,,"Sun Aug 17 2025 16:24:25 GMT+0000 (GMT)","Sun Aug 17 2025 16:24:25 GMT+0000 (GMT)",,,,,,"Mon Sep 01 2025 00:00:00 GMT+0000 (GMT)",,"",,,
"COR-71","Coral","【助成金】子どもゆめ基金教材開発・1000万円（締切11/7）","## 🎯 目的

子どもゆめ基金「教材開発・普及活動助成」に申請し、AI学習教材開発資金を獲得（最大1,000万円）

## 📅 重要日程

* **申請期間**: 2024年10月1日～11月7日 17:00締切
* **開発期間**: 2025年4月1日～2026年1月31日
* **助成金額**: 最大1,000万円
* **必須条件**: 3年間の無償提供

## ✅ 今すぐやること（8月中）

### 1\. 開発チーム編成（今週中）

**必須メンバーの確保**：

- [ ] 学識経験者または教材開発実績者を探す
  - 大学の教育学部教授にコンタクト
  - EdTech企業の元開発者を探す
- [ ] 開発メンバー候補リスト作成
- [ ] アドバイザー就任依頼

### 2\. 教材コンセプト設計（3時間）

**AI Kids Learning Platform**として：

```
対象年齢: 小学3年生～中学3年生
形式: Webアプリケーション + タブレットアプリ
内容:
- AIプログラミング基礎
- ChatGPT活用学習
- 画像生成AI創作活動
- ロボット制御入門
```

### 3\. トライアウト計画（2時間）

- [ ] 協力校・施設の候補リスト
  - 富山県内小学校3校
  - 東京都内プログラミング教室2校
- [ ] トライアウト実施スケジュール作成
- [ ] 効果測定方法の設計

## ✅ 9月の準備作業

### 4\. 技術仕様書作成（1週間）

- [ ] システムアーキテクチャ設計
- [ ] UI/UXデザイン案
- [ ] 学習管理システム（LMS）連携
- [ ] セキュリティ・プライバシー対策

### 5\. 予算計画詳細（1,000万円配分）

```
システム設計費: 200万円
プログラム開発費: 350万円
コンテンツ制作費: 200万円
トライアウト実施費: 100万円
人件費: 100万円
普及活動費: 50万円
```

### 6\. 3年間無償提供計画

- [ ] 提供プラットフォーム構築計画
- [ ] サーバー・インフラ費用の確保方法
- [ ] 利用状況トラッキングシステム
- [ ] 年次報告書フォーマット作成

## ✅ 10月申請準備

### 7\. 申請書類作成（10月前半）

**必須書類チェックリスト**：

- [ ] 助成金交付申請書
- [ ] 活動計画書（企画書様式その2、その3）
- [ ] 収支予算書
- [ ] NPO法人の定款
- [ ] 役員名簿
- [ ] 納税証明書
- [ ] 過去の教材開発実績（あれば）

### 8\. 企画書の重点ポイント

- [ ] 教育的価値の明確化
  * デジタルネイティブ世代への最適化
  * STEAM教育への貢献
- [ ] 独自性のアピール
  * AI技術の教育活用の先進性
  * 子ども主体の学習設計
- [ ] 普及戦略
  * 全国展開のロードマップ
  * 教育委員会との連携計画

### 9\. 電子申請準備（10月中旬）

- [ ] 電子申請システムのID取得
- [ ] 必要書類のPDF化
- [ ] 申請フォームの下書き保存
- [ ] 締切3日前までに送信完了

## 📞 問い合わせ先

**子どもゆめ基金部**

* 電話: 0120-579-081（フリーダイヤル）
* 受付: 平日9:00～17:45

## ⏰ 推定作業時間

約40時間（2ヶ月間で分散作業）

## 🏁 完了条件

- [ ] 11月7日17:00までに電子申請完了
- [ ] 申請受理メールの受領
- [ ] ヒアリング準備完了（翌年10月予定）

## 💡 採択のポイント

* 専門家の実質的な関与を明確に示す
* トライアウトの具体的な実施計画
* 3年間の持続可能な運営体制
* 子どもの創造性を引き出す設計","Todo",,"High","9f6f1358-0cd9-4c1a-bb07-919567c6ec62","助成金申請2025-2026","coralnetwork.contact@gmail.com",,"",,,,,"Sun Aug 17 2025 16:25:13 GMT+0000 (GMT)","Sun Aug 17 2025 16:25:13 GMT+0000 (GMT)",,,,,,"Thu Nov 07 2024 00:00:00 GMT+0000 (GMT)",,"",,,
"COR-72","Coral","【NPO特典】Google Ad Grants等の無料サービス活用（年間2000万円相当）","## 🎯 目的

NPO法人として利用可能な無料・割引サービスを全て活用し、年間1,800万円相当のメリットを獲得

## 💰 獲得可能な特典総額

* Google Ad Grants: 年間1,800万円
* Microsoft 365: 年間33万円
* その他ツール: 年間150万円
* **合計: 約2,000万円相当**

## ✅ 最優先: Google Ad Grants（月150万円の広告費）

### 1\. TechSoup Japan登録（今週中）

- [X] [https://www.techsoupjapan.org/](https://www.techsoupjapan.org/) にアクセス
- [X] NPO法人として団体登録
- [X] 必要書類アップロード
  - NPO法人登記簿謄本
  - 定款
  - 直近の事業報告書
- [X] 承認待ち（通常3-5営業日）

### 2\. Google for Nonprofits申請（来週）

- [X] TechSoup承認後、Googleに申請
- [X] NPOのWebサイト要件確認
  - SSL証明書（https://）必須
  - プライバシーポリシー掲載
  - 寄付or問い合わせフォーム設置
- [X] 審査待ち（2-14日）

### 3\. Ad Grantsキャンペーン設計（2週間後）

重点キーワード戦略：

```
「生成AI 学習」月間8,100回
「ChatGPT 使い方」月間27,100回
「AI 副業」月間4,400回
「プログラミング 子ども」月間6,600回
「富山 プログラミング教室」月間320回
```

## ✅ Microsoft非営利団体向けプログラム

### 4\. Microsoft 365無料版申請（8月中）

- [ ] [https://www.microsoft.com/ja-jp/nonprofits](https://www.microsoft.com/ja-jp/nonprofits)
- [ ] 資格確認プロセス開始
- [ ] 10ユーザー分のライセンス取得
  * Outlook（独自ドメインメール）
  * Teams（オンライン会議）
  * OneDrive（1TB/ユーザー）

### 5\. Azure無料クレジット申請

- [ ] 年間$3,500（約52万円）のクレジット
- [ ] AI/ML開発環境として活用
- [ ] Webアプリホスティング

## ✅ その他の重要ツール

### 6\. 無料・割引ツール一括申請（8月末まで）

| ツール | 通常価格 | NPO価格 | 申請URL |
| -- | -- | -- | -- |
| Slack | 月1,050円/人 | 月158円/人（85%OFF） | [slack.com/intl/ja-jp/nonprofit](http://slack.com/intl/ja-jp/nonprofit) |
| Zoom | 月2,000円 | 月1,000円（50%OFF） | [zoom.us/nonprofits](http://zoom.us/nonprofits) |
| Canva | 月1,500円 | 無料 | [canva.com/canva-for-nonprofits](http://canva.com/canva-for-nonprofits) |
| GitHub | 月$4/人 | 無料 | [github.com/nonprofit](http://github.com/nonprofit) |
| Salesforce | 月1,500円×10 | 無料（10ライセンス） | [salesforce.org](http://salesforce.org) |

### 7\. Google Workspace for Nonprofits

- [X] 無料版または75%割引版の選択
- [ ] カスタムドメインでのGmail設定
- [ ] 共有ドライブ100TB活用計画

## ✅ 助成金データベース活用

### 8\. 助成金検索サービス登録

- [ ] CANPAN（日本財団）
- [ ] 助成財団センター
- [ ] J-Net21（中小機構）
- [ ] 定期的な新着助成金チェック体制

## ✅ 企業CSR連携準備

### 9\. アプローチリスト作成（9月）

**IT系大手**

- [ ] Google Japan（教育支援プログラム）
- [ ] Microsoft Japan（TEALS等）
- [ ] AWS Japan（EdStart Member）

**地元企業**

- [ ] 富山の主要企業30社リスト
- [ ] CSR担当部署の特定
- [ ] 提案資料テンプレート作成

## 📊 期待される成果（年間）

| 項目 | 金額効果 | 用途 |
| -- | -- | -- |
| 広告効果 | +600万円の売上 | 受講生獲得 |
| コスト削減 | \-150万円 | ソフトウェア費 |
| 助成金獲得 | +1,500万円 | 事業拡大 |
| 企業協賛 | +300万円 | イベント等 |
| **合計** | **+2,250万円** |  |

## ⏰ 推定作業時間

約20時間（1ヶ月で分散実施）

## 🏁 完了条件

- [ ] Google Ad Grants運用開始
- [ ] 主要ツール5つ以上の無料化
- [ ] 年間2,000万円相当の特典獲得

## 💡 注意事項

* 各サービスの利用規約を遵守
* NPO法人の非営利性を保つ
* 定期的な報告義務の履行","Todo",,"Urgent","9f6f1358-0cd9-4c1a-bb07-919567c6ec62","助成金申請2025-2026","coralnetwork.contact@gmail.com",,"",,,,,"Sun Aug 17 2025 16:26:07 GMT+0000 (GMT)","Sun Aug 17 2025 16:38:34 GMT+0000 (GMT)",,,,,,,,"",,,
"COR-73","Coral","【事業開始】AI Kids Lab 富山・東京展開（目標160名）","## 🎯 目的

子ども向けデジタル創造スクール「AI Kids Lab」を富山と東京で展開し、160名の生徒獲得

## 📊 目標数値

* 生徒数: 160名（富山80名、東京80名）
* 月謝収入: 月80万円（平均5,000円×160名）
* 年間収入: 960万円

## ✅ Week 1: 拠点確保と体制構築

### 1\. 富山拠点の確保（今週中）

- [ ] 公民館3ヶ所に電話でヒアリング
  - 中央公民館
  - 北部公民館
  - 南部児童館
- [ ] 使用可能な曜日・時間帯の確認
- [ ] 利用料金の交渉（NPO割引の確認）
- [ ] 仮予約または申請書提出

### 2\. 東京拠点の調査（今週中）

- [ ] コワーキングスペース5ヶ所リストアップ
  - WeWork
  - Fabbit
  - Yahoo! LODGE
- [ ] イベントスペース利用料の確認
- [ ] 教育事業での利用可否確認

### 3\. スタッフ募集開始（3日以内）

- [ ] 求人票作成
  - メイン講師（時給2,500円想定）
  - 学生メンター（時給1,200円）
- [ ] 大学への求人掲載依頼
- [ ] SNSでの募集開始

## ✅ Week 2: カリキュラム開発

### 4\. ビギナーコース設計（小1-3年生）

月曜「AIとあそぼう」カリキュラム：

```
第1回: ChatGPTで物語を作ろう
第2回: AI画像生成でキャラクター作成
第3回: 音声AIで歌を作ろう
第4回: 作品発表会
```

### 5\. 教材作成（1週間）

- [ ] Googleスライドでテンプレート作成
- [ ] ワークシート作成（各回5枚）
- [ ] 保護者向け説明資料
- [ ] 安全利用ガイドライン

### 6\. 必要機材の調達計画

初期投資（最小限）：

```
中古PC/タブレット 5台: 10万円
プロジェクター: 3万円
教材ライセンス: 2万円
保険: 2万円
合計: 17万円
```

## ✅ Week 3: マーケティング開始

### 7\. 無料体験会の企画（9月開催）

- [ ] 第1回: 9月14日（土）14:00-16:00
- [ ] 場所: 富山中央公民館
- [ ] 定員: 20名（先着順）
- [ ] プログラム内容決定

### 8\. 集客チャンネル構築

**オフライン**：

- [ ] チラシ作成（Canvaで自作）
- [ ] 近隣小学校5校への配布依頼
- [ ] 図書館・児童館へのポスター掲示

**オンライン**：

- [ ] Instagram「@aikidslab_toyama」開設
- [ ] Facebook広告準備（月1万円予算）
- [ ] 地域のFacebookグループ投稿

### 9\. 価格設定（スライディングスケール）

```
通常料金: 8,000円/月
低所得世帯: 4,000円/月
生活保護世帯: 無料
兄弟割引: 2人目以降50%OFF
```

## ✅ Week 4: 体験会実施と改善

### 10\. 体験会当日オペレーション

タイムテーブル：

```
13:30 会場準備
14:00 開始・アイスブレイク（10分）
14:10 AIって何？（20分）
14:30 ChatGPT体験（30分）
15:00 画像生成AI体験（30分）
15:30 保護者説明会（20分）
15:50 アンケート・申込受付（10分）
16:00 終了
```

### 11\. フォローアップ

- [ ] 参加者全員へのお礼メール（当日中）
- [ ] 限定割引オファー（48時間）
- [ ] 個別相談会の案内
- [ ] LINEグループへの招待

### 12\. 10月本開講準備

- [ ] 正式申込者リスト作成
- [ ] 決済システム設定（Stripe）
- [ ] Slackワークスペース作成
- [ ] 初回授業の詳細計画

## 📊 収支シミュレーション（月次）

| 項目 | 金額 |
| -- | -- |
| **収入** |  |
| 月謝（20名×5,000円） | 10万円 |
| **支出** |  |
| 会場費 | 1万円 |
| 講師謝礼 | 4万円 |
| 教材費 | 1万円 |
| 保険・雑費 | 1万円 |
| **収支** | **+3万円** |

## ⏰ 推定作業時間

約60時間（1ヶ月間）

## 🏁 成功指標（3ヶ月後）

- [ ] 生徒20名以上獲得
- [ ] 継続率80%以上
- [ ] 保護者満足度4.5/5.0以上
- [ ] 月間収支黒字化

## 💡 差別化ポイント

* NPO運営による低価格設定
* 所得に応じた料金体系
* 最新AI技術の教育活用
* 地域密着型の運営","Todo",,"Urgent","6056c6e1-209c-4dfd-b0ef-ed41cb26c760","生成AIイベント東京9月","coralnetwork.contact@gmail.com",,"",,,,,"Sun Aug 17 2025 16:27:05 GMT+0000 (GMT)","Sun Aug 17 2025 16:27:05 GMT+0000 (GMT)",,,,,,,,"",,,
"COR-74","Coral","【助成金】ベネッセこども基金 重い病気を抱える子どもの学び支援（1000万円）","## 🎯 目的

ベネッセこども基金「重い病気を抱えるこどもの学び支援活動助成」に申請し、最大1,000万円の助成金を獲得

## 📅 重要日程

* **申請期間**: 2025年6月17日（水）～9月1日（月）必着
* **活動期間**: 2026年4月1日～2027年3月31日（1年間）
* **助成金額**: 1,000万円程度
* **説明会**: 2025年7月17日（木）12:00-13:00 / 19:00-20:00

## ✅ 今すぐやること（6月まで）

### 1\. 事業企画の策定（2時間）

**AI学習支援システムの開発**として：

```
対象: 重い病気により長期入院・療養中の子ども
内容:
- 病院・自宅からアクセス可能なオンライン学習システム
- AI学習アシスタントによる個別対応
- VR/ARを活用したバーチャル体験学習
- 復学支援プログラム
```

### 2\. 連携先確保（6月中）

- [ ] 医療機関との連携（小児病院3施設以上）
- [ ] 教育機関との連携（学校・教育委員会）
- [ ] 既存の患者支援団体との協力

### 3\. 技術的基盤準備

- [ ] オンライン学習プラットフォームの基本設計
- [ ] セキュリティ・プライバシー対策の検討
- [ ] 医療現場での利用可能性の調査

## ✅ 申請準備（7-8月）

### 4\. 説明会参加・個別相談

- [ ] 7/17 オンライン説明会参加
- [ ] 個別相談会申込み（8/4-7、8/18-22）
- [ ] 申請書記入ポイント動画視聴

### 5\. 申請書類作成

**必要書類**：

- [ ] 助成申請書
- [ ] 事業計画書
- [ ] 予算計画書
- [ ] 団体概要・実績資料

## 📊 事業計画のポイント

### 対象となる子どもの明確化

* 長期入院中の小中高生
* 自宅療養中の子ども
* 復学を目指す子ども

### 学び支援の具体的内容

* 個別学習進度管理
* 医療スタッフとの連携機能
* 同じ境遇の子どもたちとの交流
* 創造性を発揮できる学習機会

### 持続可能性

* 助成期間後の運営体制
* 医療機関での継続利用
* 他地域への展開可能性

## 💰 予算配分案（1,000万円）

```
システム開発費: 400万円
教材制作費: 200万円
医療機関連携費: 150万円
人件費: 150万円
設備・機材費: 100万円
```

## 📞 問い合わせ先

**ベネッセこども基金**

* 電話: 04-7137-2570
* メール: [jyosei-kodomokikin@grop.co.jp](mailto:jyosei-kodomokikin@grop.co.jp)
* 個別相談: [info@benesse-kodomokikin.or.jp](mailto:info@benesse-kodomokikin.or.jp)

## ⏰ 推定作業時間

約60時間（3ヶ月間で分散作業）

## 🏁 完了条件

- [ ] 9月1日必着で申請書類提出完了
- [ ] 医療機関3施設以上との連携確保
- [ ] 技術的実現可能性の検証完了
- [ ] 1,000万円規模の事業運営体制構築

## 💡 成功のポイント

* 医療現場のニーズに基づいた具体的な提案
* 子どもの学習継続に対する明確な効果
* 医療・教育関係者との強固な連携体制
* 療養環境に特化したユーザビリティ設計","Backlog",,"High","9f6f1358-0cd9-4c1a-bb07-919567c6ec62","助成金申請2025-2026","coralnetwork.contact@gmail.com",,"",,,,,"Sun Aug 17 2025 20:36:27 GMT+0000 (GMT)","Sun Aug 17 2025 20:36:27 GMT+0000 (GMT)",,,,,,"Mon Sep 01 2025 00:00:00 GMT+0000 (GMT)",,"",,,
"COR-75","Coral","【助成金】子どもの権利保障助成プログラム第4回（年間200-300万円×複数年）","## 🎯 目的

子どもの権利保障助成プログラム第4回公募に申請し、年間200-300万円×複数年の助成金を獲得

## 📅 重要日程

* **申請期間**: 2025年6月30日（月）～9月7日（日）23:59
* **事業期間**: 2026年1月～2028年9月末まで（最長）
* **助成金額**: 年間200～300万円
* **審査結果**: 2025年11月～12月通知

## ✅ 今すぐやること（6月まで）

### 1\. 対象となる子どもの明確化（1時間）

**取り残されがちな状況下の子ども**：

- [ ] 相対的貧困状態にある子ども・家庭
- [ ] 外国につながるルーツを持つ子ども
- [ ] 在留資格が不安定な子ども・家庭
- [ ] 不登校の子ども
- [ ] 障害のある子ども
- [ ] ヤングケアラー

### 2\. 事業コンセプト設計（3時間）

**AIデジタル創造教育による権利保障**：

```
事業名: 「AI Kids Rights Lab」
目的: デジタル格差解消と学習権保障
対象: 上記の困難な状況にある子ども（小1～中3）
方法: 
- 無料でのAI・プログラミング学習機会提供
- 多言語対応学習環境
- 家庭にPC・ネット環境がない子へのデバイス貸出
- 子ども参加による学習内容決定プロセス
```

### 3\. 子ども参加の仕組み設計（2時間）

- [ ] 子ども運営委員会の設置
- [ ] 学習内容・方法を子どもと一緒に決める仕組み
- [ ] 定期的な意見聴取・反映プロセス
- [ ] 子どもの意思決定権の確保

## ✅ 申請準備（7-9月）

### 4\. 連携先確保（7月中）

**必要な連携先**：

- [ ] 外国人支援団体・多文化共生団体
- [ ] 不登校支援団体・フリースクール
- [ ] 地域の子ども食堂・学習支援団体
- [ ] 自治体の子ども関連部署
- [ ] 学校・教育委員会

### 5\. 組織基盤強化計画（8月）

**1年目（2026年）**：

- [ ] ファンドレイジング体制構築
- [ ] スタッフ研修制度確立
- [ ] 評価・改善システム導入

**2年目以降（2027-2028年）**：

- [ ] 多言語対応システム拡充
- [ ] 他地域展開のための体制整備
- [ ] 持続可能な運営モデル確立

### 6\. 申請書類作成（8-9月前半）

**重要ポイント**：

- [ ] 子どもの権利条約に基づく活動の明確化
- [ ] 取り残されがちな子どもへの具体的支援内容
- [ ] 子ども参加推進の具体的方法
- [ ] 組織基盤強化の必要性と計画

## 📊 事業計画の詳細

### 支援対象者（年間50名想定）

| 対象 | 人数 | 主な課題 | 支援内容 |
| -- | -- | -- | -- |
| 貧困家庭の子ども | 20名 | デバイス・ネット環境なし | 無料PC貸出・学習支援 |
| 外国ルーツの子ども | 15名 | 言語バリア | 多言語対応・日本語支援 |
| 不登校の子ども | 10名 | 学習機会の不足 | オンライン学習・居場所提供 |
| その他困難な状況 | 5名 | 個別ニーズ | 個別対応プログラム |

### 活動内容

1. **デジタル格差解消プログラム**
   * PCタブレット無料貸出
   * 自宅へのネット環境支援
   * デジタルスキル基礎講座
2. **多言語対応AI学習プログラム**
   * 5言語対応学習システム
   * 多文化交流イベント
   * 保護者向け支援
3. **居場所・コミュニティづくり**
   * オンライン・オフライン居場所提供
   * 子ども同士の交流促進
   * 相談・カウンセリング

### 予算計画（年間250万円想定）

```
人件費: 120万円（50%）
システム・教材費: 60万円（25%）
機器・デバイス費: 40万円（15%）
イベント・交流費: 20万円（8%）
事務費・その他: 10万円（2%）
```

## 📞 問い合わせ先

**公益社団法人 セーブ・ザ・チルドレン・ジャパン**

* 公式サイトで最新情報を確認

## ⏰ 推定作業時間

約50時間（3ヶ月間で分散作業）

## 🏁 完了条件

- [ ] 9月7日23:59までに申請フォーム送信完了
- [ ] 子ども参加の仕組み確立
- [ ] 連携団体3団体以上確保
- [ ] 最長2年9ヶ月の事業運営体制構築

## 💡 採択のポイント

* 子どもの権利条約に基づく明確な権利保障
* 取り残されがちな子どもへの具体的アプローチ
* 子ども参加の実質的な仕組み
* 組織基盤強化による持続可能性
* 地域の他団体との連携体制","Backlog",,"High","9f6f1358-0cd9-4c1a-bb07-919567c6ec62","助成金申請2025-2026","coralnetwork.contact@gmail.com",,"",,,,,"Sun Aug 17 2025 20:37:06 GMT+0000 (GMT)","Sun Aug 17 2025 20:37:06 GMT+0000 (GMT)",,,,,,"Sun Sep 07 2025 00:00:00 GMT+0000 (GMT)",,"",,,